run,set,session,target,corpus,method,epochs,rollout_depth,gamma,data_order,seed,temperature,decoder,gpu
8b-allava-dflash-e3-s0-t0,acceptance,,8b,allava,dflash,3,,7,0,0,0,tree,A6000
8b-allava-dflash-e3-s1-t0,acceptance,,8b,allava,dflash,3,,7,0,1,0,tree,A6000
8b-allava-dflash-e3-s2-t0,acceptance,,8b,allava,dflash,3,,7,0,2,0,tree,A6000
8b-allava-erase-e3-s0-t0,acceptance,,8b,allava,erase,3,,2,0,0,0,tree,A6000
8b-allava-erase-e3-s1-t0,acceptance,,8b,allava,erase,3,,2,0,1,0,tree,A6000
8b-allava-erase-e3-s2-t0,acceptance,,8b,allava,erase,3,,2,0,2,0,tree,A6000
8b-allava-alr-e3-s0-t0,acceptance,,8b,allava,alr,3,14,2,0,0,0,tree,A6000
8b-allava-alr-e3-s1-t0,acceptance,,8b,allava,alr,3,14,2,0,1,0,tree,A6000
8b-allava-alr-e3-s2-t0,acceptance,,8b,allava,alr,3,14,2,0,2,0,tree,A6000
8b-allava-alr_ira-e3-s0-t0,acceptance,,8b,allava,alr_ira,3,14,2,0,0,0,tree,A6000
8b-allava-alr_ira-e3-s1-t0,acceptance,,8b,allava,alr_ira,3,14,2,0,1,0,tree,A6000
8b-allava-alr_ira-e3-s2-t0,acceptance,,8b,allava,alr_ira,3,14,2,0,2,0,tree,A6000
8b-allava-erase-e1-s0-t0,acceptance,,8b,allava,erase,1,,2,0,0,0,tree,A6000
8b-allava-erase-e1-s1-t0,acceptance,,8b,allava,erase,1,,2,0,1,0,tree,A6000
8b-allava-erase-e1-s2-t0,acceptance,,8b,allava,erase,1,,2,0,2,0,tree,A6000
8b-allava-alr-e1-s0-t0,acceptance,,8b,allava,alr,1,14,2,0,0,0,tree,A6000
8b-allava-alr-e1-s1-t0,acceptance,,8b,allava,alr,1,14,2,0,1,0,tree,A6000
8b-allava-alr-e1-s2-t0,acceptance,,8b,allava,alr,1,14,2,0,2,0,tree,A6000
8b-allava-alr_ira-e1-s0-t0,acceptance,,8b,allava,alr_ira,1,14,2,0,0,0,tree,A6000
8b-allava-alr_ira-e1-s1-t0,acceptance,,8b,allava,alr_ira,1,14,2,0,1,0,tree,A6000
8b-allava-alr_ira-e1-s2-t0,acceptance,,8b,allava,alr_ira,1,14,2,0,2,0,tree,A6000
8b-allava-erase-g0.5-e3-s0-t0,acceptance,,8b,allava,erase,3,,0.5,0,0,0,tree,A6000
8b-allava-erase-g0.5-e3-s1-t0,acceptance,,8b,allava,erase,3,,0.5,0,1,0,tree,A6000
8b-allava-erase-e6-s0-t0,acceptance,,8b,allava,erase,6,,2,0,0,0,tree,A6000
8b-allava-erase-e6-s1-t0,acceptance,,8b,allava,erase,6,,2,0,1,0,tree,A6000
8b-allava-alr-r6-e1-s0-t0,acceptance,,8b,allava,alr,1,6,2,0,0,0,tree,A6000
8b-allava-alr-r6-e1-s1-t0,acceptance,,8b,allava,alr,1,6,2,0,1,0,tree,A6000
8b-allava-alr-r6-e1-s2-t0,acceptance,,8b,allava,alr,1,6,2,0,2,0,tree,A6000
8b-allava-alr-r4-e1-s0-t0,acceptance,,8b,allava,alr,1,4,2,0,0,0,tree,A6000
8b-allava-alr-r4-e1-s1-t0,acceptance,,8b,allava,alr,1,4,2,0,1,0,tree,A6000
8b-allava-alr-r4-e1-s2-t0,acceptance,,8b,allava,alr,1,4,2,0,2,0,tree,A6000
8b-allava-alr-r6-e3-s0-t0,acceptance,,8b,allava,alr,3,6,2,0,0,0,tree,A6000
8b-allava-alr-r6-e3-s1-t0,acceptance,,8b,allava,alr,3,6,2,0,1,0,tree,A6000
8b-allava-alr-r6-e3-s2-t0,acceptance,,8b,allava,alr,3,6,2,0,2,0,tree,A6000
8b-allava-alr-r4-e3-s0-t0,acceptance,,8b,allava,alr,3,4,2,0,0,0,tree,A6000
8b-allava-alr-r4-e3-s1-t0,acceptance,,8b,allava,alr,3,4,2,0,1,0,tree,A6000
8b-allava-alr-r4-e3-s2-t0,acceptance,,8b,allava,alr,3,4,2,0,2,0,tree,A6000
8b-allava-alr-r2-e3-s0-t0,acceptance,,8b,allava,alr,3,2,2,0,0,0,tree,A6000
8b-allava-alr-r2-e3-s1-t0,acceptance,,8b,allava,alr,3,2,2,0,1,0,tree,A6000
8b-allava-alr-r2-e3-s2-t0,acceptance,,8b,allava,alr,3,2,2,0,2,0,tree,A6000
8b-allava-erase-order1-e3-s0-t0,acceptance,,8b,allava,erase,3,,2,1,0,0,tree,A6000
8b-allava-erase-order2-e3-s0-t0,acceptance,,8b,allava,erase,3,,2,2,0,0,tree,A6000
8b-allava-alr-order1-e3-s0-t0,acceptance,,8b,allava,alr,3,14,2,1,0,0,tree,A6000
8b-allava-alr-order2-e3-s0-t0,acceptance,,8b,allava,alr,3,14,2,2,0,0,tree,A6000
8b-allava-kd-e3-s0-t0,acceptance,,8b,allava,kd,3,,2,0,0,0,tree,A6000
8b-allava-kd-e3-s1-t0,acceptance,,8b,allava,kd,3,,2,0,1,0,tree,A6000
8b-allava-kd-e3-s2-t0,acceptance,,8b,allava,kd,3,,2,0,2,0,tree,A6000
8b-allava-erase_hard-e3-s0-t0,acceptance,,8b,allava,erase_hard,3,,2,0,0,0,tree,A6000
8b-allava-erase_hard-e3-s1-t0,acceptance,,8b,allava,erase_hard,3,,2,0,1,0,tree,A6000
8b-allava-erase_hard-e3-s2-t0,acceptance,,8b,allava,erase_hard,3,,2,0,2,0,tree,A6000
8b-allava-regen_truncated-e3-s0-t0,acceptance,,8b,allava,regen_truncated,3,,2,0,0,0,tree,A6000
8b-allava-regen_truncated-e3-s1-t0,acceptance,,8b,allava,regen_truncated,3,,2,0,1,0,tree,A6000
8b-allava-regen_window-e3-s0-t0,acceptance,,8b,allava,regen_window,3,,2,0,0,0,tree,A6000
8b-allava-regen_window-e3-s1-t0,acceptance,,8b,allava,regen_window,3,,2,0,1,0,tree,A6000
8b-sharegpt4v-dflash-e3-s0-t0,acceptance,,8b,sharegpt4v,dflash,3,,7,0,0,0,tree,A6000
8b-sharegpt4v-dflash-e3-s1-t0,acceptance,,8b,sharegpt4v,dflash,3,,7,0,1,0,tree,A6000
8b-sharegpt4v-erase-e3-s0-t0,acceptance,,8b,sharegpt4v,erase,3,,2,0,0,0,tree,A6000
8b-sharegpt4v-erase-e3-s1-t0,acceptance,,8b,sharegpt4v,erase,3,,2,0,1,0,tree,A6000
8b-sharegpt4v-alr-e3-s0-t0,acceptance,,8b,sharegpt4v,alr,3,14,2,0,0,0,tree,A6000
8b-sharegpt4v-alr-e3-s1-t0,acceptance,,8b,sharegpt4v,alr,3,14,2,0,1,0,tree,A6000
8b-sharegpt4v-alr_ira-e3-s0-t0,acceptance,,8b,sharegpt4v,alr_ira,3,14,2,0,0,0,tree,A6000
8b-sharegpt4v-alr_ira-e3-s1-t0,acceptance,,8b,sharegpt4v,alr_ira,3,14,2,0,1,0,tree,A6000
8b-sharegpt4v-erase-e0.5-s0-t0,acceptance,,8b,sharegpt4v,erase,0.5,,2,0,0,0,tree,A6000
8b-sharegpt4v-erase-e0.5-s1-t0,acceptance,,8b,sharegpt4v,erase,0.5,,2,0,1,0,tree,A6000
8b-sharegpt4v-erase-e1-s0-t0,acceptance,,8b,sharegpt4v,erase,1,,2,0,0,0,tree,A6000
8b-sharegpt4v-erase-e1-s1-t0,acceptance,,8b,sharegpt4v,erase,1,,2,0,1,0,tree,A6000
8b-sharegpt4v-alr_ira-e1-s0-t0,acceptance,,8b,sharegpt4v,alr_ira,1,14,2,0,0,0,tree,A6000
8b-sharegpt4v-alr_ira-e1-s1-t0,acceptance,,8b,sharegpt4v,alr_ira,1,14,2,0,1,0,tree,A6000
8b-sharegpt4v-alr-r4-e1-s0-t0,acceptance,,8b,sharegpt4v,alr,1,4,2,0,0,0,tree,A6000
8b-sharegpt4v-alr-r4-e1-s1-t0,acceptance,,8b,sharegpt4v,alr,1,4,2,0,1,0,tree,A6000
8b-sharegpt4v-alr-r4-e3-s0-t0,acceptance,,8b,sharegpt4v,alr,3,4,2,0,0,0,tree,A6000
8b-sharegpt4v-alr-r4-e3-s1-t0,acceptance,,8b,sharegpt4v,alr,3,4,2,0,1,0,tree,A6000
8b-allava-dflash-e3-s0-t1,acceptance,,8b,allava,dflash,3,,7,0,0,1,tree,A6000
8b-allava-dflash-e3-s1-t1,acceptance,,8b,allava,dflash,3,,7,0,1,1,tree,A6000
8b-allava-dflash-e3-s2-t1,acceptance,,8b,allava,dflash,3,,7,0,2,1,tree,A6000
8b-allava-erase-e3-s0-t1,acceptance,,8b,allava,erase,3,,2,0,0,1,tree,A6000
8b-allava-erase-e3-s1-t1,acceptance,,8b,allava,erase,3,,2,0,1,1,tree,A6000
8b-allava-erase-e3-s2-t1,acceptance,,8b,allava,erase,3,,2,0,2,1,tree,A6000
8b-allava-alr-e3-s0-t1,acceptance,,8b,allava,alr,3,14,2,0,0,1,tree,A6000
8b-allava-alr-e3-s1-t1,acceptance,,8b,allava,alr,3,14,2,0,1,1,tree,A6000
8b-allava-alr-e3-s2-t1,acceptance,,8b,allava,alr,3,14,2,0,2,1,tree,A6000
8b-allava-alr_ira-e3-s0-t1,acceptance,,8b,allava,alr_ira,3,14,2,0,0,1,tree,A6000
8b-allava-alr_ira-e3-s1-t1,acceptance,,8b,allava,alr_ira,3,14,2,0,1,1,tree,A6000
8b-allava-alr_ira-e3-s2-t1,acceptance,,8b,allava,alr_ira,3,14,2,0,2,1,tree,A6000
8b-sharegpt4v-dflash-e3-s0-t1,acceptance,,8b,sharegpt4v,dflash,3,,7,0,0,1,tree,A6000
8b-sharegpt4v-dflash-e3-s1-t1,acceptance,,8b,sharegpt4v,dflash,3,,7,0,1,1,tree,A6000
8b-sharegpt4v-erase-e3-s0-t1,acceptance,,8b,sharegpt4v,erase,3,,2,0,0,1,tree,A6000
8b-sharegpt4v-erase-e3-s1-t1,acceptance,,8b,sharegpt4v,erase,3,,2,0,1,1,tree,A6000
8b-sharegpt4v-alr-e3-s0-t1,acceptance,,8b,sharegpt4v,alr,3,14,2,0,0,1,tree,A6000
8b-sharegpt4v-alr-e3-s1-t1,acceptance,,8b,sharegpt4v,alr,3,14,2,0,1,1,tree,A6000
8b-sharegpt4v-alr_ira-e3-s0-t1,acceptance,,8b,sharegpt4v,alr_ira,3,14,2,0,0,1,tree,A6000
8b-sharegpt4v-alr_ira-e3-s1-t1,acceptance,,8b,sharegpt4v,alr_ira,3,14,2,0,1,1,tree,A6000
8b-allava-slot_control-e3-s0-t0,acceptance,,8b,allava,slot_control,3,14,2,0,0,0,tree,A6000
8b-allava-slot_control-e3-s1-t0,acceptance,,8b,allava,slot_control,3,14,2,0,1,0,tree,A6000
8b-allava-alr_ira-e3-s0-t0-chain,acceptance,,8b,allava,alr_ira,3,14,2,0,0,0,chain,A6000
8b-allava-alr_ira-e3-s1-t0-chain,acceptance,,8b,allava,alr_ira,3,14,2,0,1,0,chain,A6000
8b-allava-alr_ira-e3-s2-t0-chain,acceptance,,8b,allava,alr_ira,3,14,2,0,2,0,chain,A6000
8b-allava-erase-e3-s0-t0-chain,acceptance,,8b,allava,erase,3,,2,0,0,0,chain,A6000
8b-allava-erase-e3-s1-t0-chain,acceptance,,8b,allava,erase,3,,2,0,1,0,chain,A6000
8b-allava-erase-e3-s2-t0-chain,acceptance,,8b,allava,erase,3,,2,0,2,0,chain,A6000
4b-allava-dflash-e3-s0-t0,acceptance,,4b,allava,dflash,3,,7,0,0,0,tree,H100
4b-allava-dflash-e3-s1-t0,acceptance,,4b,allava,dflash,3,,7,0,1,0,tree,H100
4b-allava-erase-e3-s0-t0,acceptance,,4b,allava,erase,3,,2,0,0,0,tree,H100
4b-allava-erase-e3-s1-t0,acceptance,,4b,allava,erase,3,,2,0,1,0,tree,H100
4b-allava-alr_ira-e3-s0-t0,acceptance,,4b,allava,alr_ira,3,14,2,0,0,0,tree,H100
4b-allava-alr_ira-e3-s1-t0,acceptance,,4b,allava,alr_ira,3,14,2,0,1,0,tree,H100
4b-allava-alr-e3-s0-t0,acceptance,,4b,allava,alr,3,14,2,0,0,0,tree,H100
4b-allava-alr-e3-s1-t0,acceptance,,4b,allava,alr,3,14,2,0,1,0,tree,H100
4b-allava-dflash-e3-s0-t1,acceptance,,4b,allava,dflash,3,,7,0,0,1,tree,H100
4b-allava-dflash-e3-s1-t1,acceptance,,4b,allava,dflash,3,,7,0,1,1,tree,H100
4b-allava-erase-e3-s0-t1,acceptance,,4b,allava,erase,3,,2,0,0,1,tree,H100
4b-allava-erase-e3-s1-t1,acceptance,,4b,allava,erase,3,,2,0,1,1,tree,H100
4b-allava-alr-e3-s0-t1,acceptance,,4b,allava,alr,3,14,2,0,0,1,tree,H100
4b-allava-alr-e3-s1-t1,acceptance,,4b,allava,alr,3,14,2,0,1,1,tree,H100
4b-allava-alr_ira-e3-s0-t1,acceptance,,4b,allava,alr_ira,3,14,2,0,0,1,tree,H100
4b-allava-alr_ira-e3-s1-t1,acceptance,,4b,allava,alr_ira,3,14,2,0,1,1,tree,H100
session1-8b-allava-dflash-e3-s0-t0-run1,timing,1,8b,allava,dflash,3,,7,0,0,0,tree,H100
session1-8b-allava-erase-e3-s0-t0-run1,timing,1,8b,allava,erase,3,,2,0,0,0,tree,H100
session1-8b-allava-erase-e3-s0-t0-run2,timing,1,8b,allava,erase,3,,2,0,0,0,tree,H100
session1-8b-allava-erase-e3-s0-t0-run3,timing,1,8b,allava,erase,3,,2,0,0,0,tree,H100
session1-8b-allava-alr-e3-s0-t0-run1,timing,1,8b,allava,alr,3,14,2,0,0,0,tree,H100
session1-8b-allava-alr-r4-e1-s0-t0-run1,timing,1,8b,allava,alr,1,4,2,0,0,0,tree,H100
session1-8b-allava-alr_ira-e1-s0-t0-run1,timing,1,8b,allava,alr_ira,1,14,2,0,0,0,tree,H100
session1-8b-allava-alr_ira-e3-s0-t0-run1,timing,1,8b,allava,alr_ira,3,14,2,0,0,0,tree,H100
session1-8b-allava-alr_ira-e3-s0-t0-run2,timing,1,8b,allava,alr_ira,3,14,2,0,0,0,tree,H100
session1-8b-allava-alr_ira-e3-s0-t0-run3,timing,1,8b,allava,alr_ira,3,14,2,0,0,0,tree,H100
session1-8b-allava-alr_ira-e3-s0-t0-run4,timing,1,8b,allava,alr_ira,3,14,2,0,0,0,tree,H100
session1-8b-allava-regen_truncated-e3-s0-t0-run1,timing,1,8b,allava,regen_truncated,3,,2,0,0,0,tree,H100
session1-8b-sharegpt4v-erase-e1-s0-t0-run1,timing,1,8b,sharegpt4v,erase,1,,2,0,0,0,tree,H100
session1-8b-sharegpt4v-alr_ira-e3-s0-t0-run1,timing,1,8b,sharegpt4v,alr_ira,3,14,2,0,0,0,tree,H100
session2-8b-sharegpt4v-dflash-e3-s0-t0,timing,2,8b,sharegpt4v,dflash,3,,7,0,0,0,tree,H100
session2-8b-sharegpt4v-erase-e3-s0-t0,timing,2,8b,sharegpt4v,erase,3,,2,0,0,0,tree,H100
session2-8b-sharegpt4v-alr-e3-s0-t0,timing,2,8b,sharegpt4v,alr,3,14,2,0,0,0,tree,H100
session2-4b-allava-dflash-e3-s0-t0,timing,2,4b,allava,dflash,3,,7,0,0,0,tree,H100
session2-4b-allava-erase-e3-s0-t0,timing,2,4b,allava,erase,3,,2,0,0,0,tree,H100
session2-4b-allava-alr-e3-s0-t0,timing,2,4b,allava,alr,3,14,2,0,0,0,tree,H100
session2-4b-allava-alr-e3-s1-t0,timing,2,4b,allava,alr,3,14,2,0,1,0,tree,H100
session2-4b-allava-alr_ira-e3-s0-t0,timing,2,4b,allava,alr_ira,3,14,2,0,0,0,tree,H100
session2-8b-allava-dflash-e3-s0-t1,timing,2,8b,allava,dflash,3,,7,0,0,1,tree,H100
session2-8b-allava-erase-e3-s0-t1,timing,2,8b,allava,erase,3,,2,0,0,1,tree,H100
session2-8b-allava-alr-e3-s0-t1,timing,2,8b,allava,alr,3,14,2,0,0,1,tree,H100
session2-8b-allava-alr_ira-e3-s0-t1,timing,2,8b,allava,alr_ira,3,14,2,0,0,1,tree,H100
session2-8b-sharegpt4v-dflash-e3-s0-t1,timing,2,8b,sharegpt4v,dflash,3,,7,0,0,1,tree,H100
session2-8b-sharegpt4v-erase-e3-s0-t1,timing,2,8b,sharegpt4v,erase,3,,2,0,0,1,tree,H100
session2-8b-sharegpt4v-alr-e3-s0-t1,timing,2,8b,sharegpt4v,alr,3,14,2,0,0,1,tree,H100
session2-8b-sharegpt4v-alr_ira-e3-s0-t1,timing,2,8b,sharegpt4v,alr_ira,3,14,2,0,0,1,tree,H100
session2-4b-allava-dflash-e3-s0-t1,timing,2,4b,allava,dflash,3,,7,0,0,1,tree,H100
session2-4b-allava-erase-e3-s0-t1,timing,2,4b,allava,erase,3,,2,0,0,1,tree,H100
session2-4b-allava-alr-e3-s0-t1,timing,2,4b,allava,alr,3,14,2,0,0,1,tree,H100
session2-4b-allava-alr-e3-s1-t1,timing,2,4b,allava,alr,3,14,2,0,1,1,tree,H100
session2-4b-allava-alr_ira-e3-s0-t1,timing,2,4b,allava,alr_ira,3,14,2,0,0,1,tree,H100
session3-8b-allava-eagle3-t0,timing,3,8b,allava,eagle3,,,,0,0,0,eagle3_tree,H100
session3-8b-allava-eagle3-t1,timing,3,8b,allava,eagle3,,,,0,0,1,eagle3_tree,H100
